idx,sVec,sAlt,tsDecel,tsStopDecel
0,-0.010332861915230751,1.9085806608200073,12,23
